"","사용년월","노선번호","노선명","역명","X00시승차총승객수","X00시하차총승객수","X1시승차총승객수","X1시하차총승객수","X2시승차총승객수","X2시하차총승객수","X3시승차총승객수","X3시하차총승객수","X4시승차총승객수","X4시하차총승객수","X5시승차총승객수","X5시하차총승객수","X6시승차총승객수","X6시하차총승객수","X7시승차총승객수","X7시하차총승객수","X8시승차총승객수","X8시하차총승객수","X9시승차총승객수","X9시하차총승객수","X10시승차총승객수","X10시하차총승객수","X11시승차총승객수","X11시하차총승객수","X12시승차총승객수","X12시하차총승객수","X13시승차총승객수","X13시하차총승객수","X14시승차총승객수","X14시하차총승객수","X15시승차총승객수","X15시하차총승객수","X16시승차총승객수","X16시하차총승객수","X17시승차총승객수","X17시하차총승객수","X18시승차총승객수","X18시하차총승객수","X19시승차총승객수","X19시하차총승객수","X20시승차총승객수","X20시하차총승객수","X21시승차총승객수","X21시하차총승객수","X22시승차총승객수","X22시하차총승객수","X23시승차총승객수","X23시하차총승객수","교통수단타입명"
"1",202401,"601","601번(개화동~종로4가)","김포공항국내선(00006)",0,0,0,0,0,0,0,0,14,33,25,56,62,46,147,20,592,32,740,18,733,25,807,17,573,28,573,22,692,19,549,18,449,16,538,19,736,29,485,26,369,9,627,7,451,6,57,0,"서울간선버스"
"2",202401,"605","605번(강서공영차고지~후암동)","김포공항국내선(00013)",0,0,0,0,0,0,0,0,0,0,10,52,41,32,70,49,180,49,212,25,149,28,249,40,241,65,310,35,349,50,315,25,282,35,432,43,526,33,274,25,279,10,356,6,199,3,0,0,"서울간선버스"
"3",202401,"651","651번(방화동~관악구청)","김포공항국내선(00014)",0,0,0,0,0,0,0,0,30,149,42,205,136,142,307,106,418,77,381,59,442,68,452,49,327,114,604,121,720,67,705,51,506,49,565,51,698,48,717,28,685,18,888,17,885,26,161,5,"서울간선버스"
"4",202401,"6629","6629번(방화동~영등포)","김포공항국내선(00014)",0,0,0,0,0,0,0,0,1,61,23,163,33,112,54,81,117,69,127,20,99,32,144,52,139,87,300,99,301,75,260,36,216,34,306,50,369,37,269,18,309,12,375,9,264,4,33,2,"서울지선버스"
"5",202401,"6632","6632번(강서공영차고지~당산역)","김포공항국내선(00006)",0,0,0,0,0,0,0,0,0,19,5,46,12,15,54,8,116,19,67,3,59,16,73,11,77,11,187,21,191,11,169,8,159,16,163,10,280,17,187,6,246,6,266,2,203,6,45,0,"서울지선버스"
"6",202401,"605","605번(강서공영차고지~후암동)","김포공항국내선(00094)",34,1,1,0,0,0,0,0,0,0,0,0,0,86,25,185,59,129,67,78,47,100,56,108,62,129,170,104,120,108,157,73,97,90,86,122,153,100,93,37,78,34,115,17,103,23,84,6,"서울간선버스"
"7",202401,"651","651번(방화동~관악구청)","김포공항국내선(00091)",23,2,3,0,0,0,0,0,0,0,0,0,16,222,37,219,71,297,58,216,51,279,66,307,83,336,132,329,226,211,135,193,122,178,154,180,191,154,163,62,149,37,166,24,146,14,193,8,"서울간선버스"
"8",202401,"6629","6629번(방화동~영등포)","김포공항국내선(00087)",16,4,0,0,0,0,0,0,0,0,0,0,1,11,35,96,113,96,76,88,75,68,71,90,93,115,173,95,202,63,263,54,164,59,160,69,252,61,152,52,158,21,237,8,152,15,136,4,"서울지선버스"
"9",202401,"6632","6632번(강서공영차고지~당산역)","김포공항국내선(00062)",4,2,0,0,0,0,0,0,0,0,0,0,8,84,7,75,16,61,25,21,21,39,17,46,9,64,36,73,38,56,29,31,13,18,27,37,36,27,25,26,23,9,36,8,22,6,25,4,"서울지선버스"
"10",202401,"601","601번(개화동~종로4가)","김포공항국내선(00074)",7,9,0,3,0,0,0,0,2,0,0,0,14,244,7,178,26,188,29,179,30,168,17,203,25,232,38,267,52,238,56,225,38,195,46,299,37,165,24,80,56,54,49,36,27,13,22,8,"서울간선버스"
"11",202401,"601","601번(개화동~종로4가)","김포공항국제선(00072)",1,2,0,0,0,0,0,0,0,0,0,0,9,192,12,423,15,188,13,86,7,102,6,118,14,121,10,116,26,88,43,69,13,83,23,117,30,33,17,19,31,36,8,40,6,17,7,8,"서울간선버스"
"12",202401,"605","605번(강서공영차고지~후암동)","김포공항국제선(00011)",0,0,0,0,0,0,0,0,0,0,8,88,35,34,41,87,40,70,45,42,40,64,29,61,33,60,88,56,95,32,149,43,74,52,131,42,173,44,205,49,122,35,38,10,40,4,0,0,"서울간선버스"
"13",202401,"605","605번(강서공영차고지~후암동)","김포공항국제선(00092)",5,1,1,0,0,0,0,0,0,0,0,0,4,72,30,278,57,140,36,56,36,49,32,52,31,60,39,71,75,47,97,57,58,48,53,53,128,60,96,31,56,12,20,21,22,15,51,7,"서울간선버스"
"14",202401,"651","651번(방화동~관악구청)","김포공항국제선(00012)",0,0,0,0,0,0,0,0,47,132,51,313,89,87,155,172,208,102,134,39,141,64,98,44,98,54,121,29,214,35,363,35,158,44,208,48,319,22,311,29,219,16,142,10,176,8,6,0,"서울간선버스"
"15",202401,"651","651번(방화동~관악구청)","김포공항국제선(00089)",22,0,0,0,0,0,0,0,0,0,0,0,19,230,25,263,18,231,28,149,52,186,32,155,35,114,50,156,76,92,105,85,63,93,82,116,99,81,96,65,97,29,51,24,45,22,36,5,"서울간선버스"
"16",202401,"6629","6629번(방화동~영등포)","김포공항국제선(00012)",0,0,0,0,0,0,0,0,22,124,12,239,16,97,39,155,28,105,47,53,57,69,33,75,36,75,72,71,95,46,104,47,79,49,100,49,103,42,137,43,95,42,47,28,80,10,1,0,"서울지선버스"
"17",202401,"6629","6629번(방화동~영등포)","김포공항국제선(00085)",14,0,0,0,0,0,0,0,0,0,0,0,1,3,55,201,33,76,49,38,64,48,40,51,33,66,55,66,90,38,149,29,109,64,91,55,167,39,127,26,101,33,55,17,63,11,60,3,"서울지선버스"
"18",202401,"6632","6632번(강서공영차고지~당산역)","김포공항국제선(00004)",0,0,0,0,0,0,0,0,17,17,5,53,8,30,8,26,30,31,23,12,26,29,31,17,36,20,81,23,77,15,124,8,78,20,85,19,112,41,127,10,108,10,33,37,51,5,11,0,"서울지선버스"
"19",202401,"6632","6632번(강서공영차고지~당산역)","김포공항국제선(00060)",0,1,0,0,0,0,0,0,0,0,0,0,7,56,6,149,13,111,9,18,1,38,3,48,7,33,13,39,10,29,26,18,8,22,11,33,9,18,19,10,25,8,7,10,2,4,9,1,"서울지선버스"
"20",202401,"601","601번(개화동~종로4가)","김포공항국제선(00004)",0,0,0,0,0,0,0,0,42,20,34,62,32,56,58,36,75,21,46,32,58,37,88,17,86,28,146,30,180,37,178,21,163,15,160,56,320,59,215,27,165,15,75,14,94,6,0,0,"서울간선버스"
"21",202401,"6642","6642(가양9단지~강서공영차고지)","롯데몰.김포공항역(00071)",4,2,0,0,0,0,0,0,0,0,0,0,24,204,32,336,53,482,39,307,22,325,24,289,23,242,17,221,40,236,41,329,35,333,35,338,14,334,29,138,22,69,8,55,17,41,29,20,"서울지선버스"
"22",202401,"605","605번(강서공영차고지~후암동)","롯데몰.김포공항역(00010)",0,0,0,0,0,0,0,0,0,0,3,118,11,44,73,128,147,172,29,138,46,106,72,153,107,140,115,120,185,149,210,114,250,194,241,171,198,243,187,71,187,46,80,56,91,19,0,0,"서울간선버스"
"23",202401,"6645","6645(가양9단지~강서공영차고지)","롯데몰.김포공항역(00065)",8,5,0,0,0,0,0,0,0,0,0,0,23,21,34,103,57,47,51,69,19,75,24,88,13,84,26,134,24,114,33,164,31,163,31,165,34,184,35,103,19,57,7,72,19,56,14,18,"서울지선버스"
"24",202401,"605","605번(강서공영차고지~후암동)","롯데몰.김포공항역(00091)",45,6,20,1,0,0,0,0,0,0,0,0,10,93,21,246,65,170,33,143,39,175,53,249,77,241,105,236,122,296,119,328,156,335,148,381,162,487,178,233,122,126,82,115,67,86,18,22,"서울간선버스"
"25",202401,"651","651번(방화동~관악구청)","롯데몰.김포공항역(00011)",0,0,0,0,0,0,0,0,3,58,12,221,144,149,392,129,552,133,251,88,252,168,276,178,428,188,455,206,621,226,708,174,821,192,774,190,951,219,896,111,770,77,691,47,755,44,0,0,"서울간선버스"
"26",202401,"651","651번(방화동~관악구청)","롯데몰.김포공항역(00088)",88,23,5,0,0,0,0,0,0,0,0,0,7,714,40,1082,36,1005,31,1060,51,1106,70,1104,113,964,169,1006,178,901,200,857,230,914,224,1077,172,1150,189,530,191,386,137,305,102,286,53,131,"서울간선버스"
"27",202401,"6629","6629번(방화동~영등포)","롯데몰.김포공항역(00011)",0,0,0,0,0,0,0,0,0,53,5,276,7,171,77,230,31,209,18,148,24,134,74,176,79,182,135,192,206,159,205,196,221,188,224,199,206,193,206,93,152,58,87,68,128,72,0,0,"서울지선버스"
"28",202401,"6629","6629번(방화동~영등포)","롯데몰.김포공항역(00084)",30,4,2,0,0,0,0,0,0,0,0,0,1,15,28,194,47,127,61,103,68,134,120,198,100,187,153,271,178,224,232,271,242,261,233,270,260,253,221,129,190,90,153,65,122,62,31,19,"서울지선버스"
"29",202401,"6632","6632번(강서공영차고지~당산역)","롯데몰.김포공항역(00059)",5,8,0,0,0,0,0,0,0,0,0,0,2,388,7,520,14,663,6,383,7,301,8,352,6,295,11,327,17,313,16,343,6,443,10,476,18,590,12,222,5,107,3,100,11,52,1,17,"서울지선버스"
"30",202401,"601","601번(개화동~종로4가)","롯데몰.김포공항역(00071)",5,15,0,0,0,0,0,0,0,0,0,0,5,190,12,326,6,181,4,206,7,220,15,307,9,330,15,369,21,401,20,423,22,534,15,451,17,614,13,294,8,184,5,140,7,112,6,40,"서울간선버스"
"31",202401,"서울02","서울02(김포시풍무동~김포공항역)","김포공항역3번출구(00006)",0,0,0,0,0,0,0,0,0,0,0,0,1,390,24,2423,4,2836,0,0,0,0,0,0,0,0,0,0,0,0,0,0,0,0,0,0,0,0,0,0,0,0,0,0,0,0,0,0,"서울간선버스"
"32",202402,"605","605번(강서공영차고지~후암동)","김포공항국내선(00013)",0,0,0,0,0,0,0,0,0,0,16,110,46,66,64,47,142,47,173,36,197,33,218,36,191,61,257,48,256,50,328,26,269,33,332,38,421,49,264,19,277,15,349,11,206,8,6,0,"서울간선버스"
"33",202402,"651","651번(방화동~관악구청)","김포공항국내선(00014)",0,0,0,0,0,0,0,0,28,177,48,204,113,98,263,115,363,74,335,49,407,53,472,62,355,118,537,96,723,82,669,55,587,46,515,52,750,58,682,38,607,17,871,25,782,26,162,9,"서울간선버스"
"34",202402,"6629","6629번(방화동~영등포)","김포공항국내선(00014)",0,0,0,0,0,0,0,0,1,70,24,137,22,52,45,42,108,67,129,35,141,33,132,39,165,89,235,72,261,60,304,45,208,22,309,43,341,41,258,14,309,9,360,8,289,7,38,2,"서울지선버스"
"35",202402,"6632","6632번(강서공영차고지~당산역)","김포공항국내선(00006)",0,0,0,0,0,0,0,0,0,29,8,53,6,16,43,5,87,16,64,6,72,10,52,6,79,14,150,17,170,19,125,7,118,11,159,13,207,17,167,8,271,2,236,3,147,2,72,0,"서울지선버스"
"36",202402,"601","601번(개화동~종로4가)","김포공항국내선(00006)",0,0,0,0,0,0,0,0,23,21,8,45,55,27,133,22,508,29,693,7,639,23,768,15,519,30,568,24,678,27,467,14,420,26,533,16,667,33,487,20,380,6,606,8,448,5,39,1,"서울간선버스"
"37",202402,"605","605번(강서공영차고지~후암동)","김포공항국내선(00094)",3,0,0,0,0,0,0,0,0,0,0,0,1,10,3,24,18,22,7,14,13,8,3,29,10,24,27,17,27,16,26,21,12,14,12,22,24,9,29,10,11,0,20,2,17,2,13,1,"서울간선버스"
"38",202402,"605","605번(강서공영차고지~후암동)","김포공항국내선(00095)",22,6,0,2,0,0,0,0,0,0,0,0,3,59,10,147,49,98,41,59,28,64,46,68,48,90,136,103,116,112,122,73,67,55,87,97,123,73,89,38,88,12,102,17,87,16,94,4,"서울간선버스"
"39",202402,"651","651번(방화동~관악구청)","김포공항국내선(00091)",15,4,1,1,0,0,0,0,0,0,0,0,23,200,39,191,56,214,56,214,43,216,53,275,55,323,111,317,182,204,141,160,84,180,125,191,205,196,141,110,162,40,186,27,132,21,190,7,"서울간선버스"
"40",202402,"6629","6629번(방화동~영등포)","김포공항국내선(00087)",17,0,1,0,0,0,0,0,0,0,0,0,2,10,28,99,81,95,110,89,55,59,59,73,71,125,178,101,201,73,197,54,150,52,171,85,258,54,143,47,133,22,174,10,136,11,144,10,"서울지선버스"
"41",202402,"6632","6632번(강서공영차고지~당산역)","김포공항국내선(00062)",0,0,0,0,0,0,0,0,0,0,0,0,1,18,2,10,2,10,8,13,2,4,0,9,5,13,4,10,3,11,9,3,2,1,6,7,4,4,2,2,1,2,4,0,3,1,3,0,"서울지선버스"
"42",202402,"6632","6632번(강서공영차고지~당산역)","김포공항국내선(00063)",2,1,0,0,0,0,0,0,0,0,0,0,4,64,8,47,8,37,11,21,14,29,5,52,17,64,28,38,24,39,18,28,8,43,25,37,14,29,22,20,30,9,21,5,16,8,26,0,"서울지선버스"
"43",202402,"601","601번(개화동~종로4가)","김포공항국내선(00074)",4,1,1,2,0,0,0,0,0,0,0,0,9,222,9,193,19,160,36,126,31,127,24,184,37,242,43,225,53,206,50,175,23,225,43,267,45,172,24,69,36,39,49,32,33,19,25,3,"서울간선버스"
"44",202402,"605","605번(강서공영차고지~후암동)","김포공항국제선(00092)",0,0,0,0,0,0,0,0,0,0,0,0,2,10,4,36,6,29,2,9,5,6,6,9,5,8,5,5,10,15,18,17,14,9,9,4,14,5,12,3,8,3,2,6,2,5,7,0,"서울간선버스"
"45",202402,"605","605번(강서공영차고지~후암동)","김포공항국제선(00093)",8,2,0,1,0,0,0,0,0,0,0,0,8,65,22,214,19,91,20,44,35,48,23,57,25,58,32,55,47,40,80,45,39,27,54,46,78,40,69,12,45,19,17,15,30,13,26,3,"서울간선버스"
"46",202402,"605","605번(강서공영차고지~후암동)","김포공항국제선(00011)",0,0,0,0,0,0,0,0,0,0,10,91,32,66,43,73,54,68,54,44,32,48,56,51,58,52,73,55,120,27,139,21,98,36,89,68,156,36,165,35,99,26,35,11,52,4,1,0,"서울간선버스"
"47",202402,"601","601번(개화동~종로4가)","김포공항국제선(00004)",0,0,0,0,0,0,0,0,26,17,13,68,27,24,58,60,66,26,57,24,78,31,95,22,109,15,129,27,150,28,190,23,152,28,168,38,271,39,222,31,159,7,57,20,109,3,0,0,"서울간선버스"
"48",202402,"651","651번(방화동~관악구청)","김포공항국제선(00012)",0,0,0,0,0,0,0,0,66,141,55,360,76,88,160,155,149,99,136,36,133,53,88,62,125,66,152,49,186,33,301,23,190,29,201,40,261,29,328,18,218,14,126,7,196,12,16,0,"서울간선버스"
"49",202402,"651","651번(방화동~관악구청)","김포공항국제선(00089)",16,3,2,1,0,0,0,0,0,0,0,0,18,225,12,252,20,251,40,180,41,169,36,142,35,153,42,145,82,82,129,90,57,91,70,112,86,79,95,86,98,36,48,42,53,18,60,4,"서울간선버스"
"50",202402,"6629","6629번(방화동~영등포)","김포공항국제선(00012)",0,0,0,0,0,0,0,0,28,83,10,205,12,59,37,111,23,116,33,46,52,74,36,72,35,81,49,62,108,51,105,28,78,42,84,61,95,41,124,34,86,38,34,11,61,7,3,0,"서울지선버스"
"51",202402,"6629","6629번(방화동~영등포)","김포공항국제선(00085)",26,3,2,0,0,0,0,0,0,0,0,0,5,17,44,186,58,80,45,41,64,51,42,49,45,47,70,40,102,29,145,43,105,41,121,42,144,29,129,16,100,27,41,12,48,5,53,5,"서울지선버스"
"52",202402,"6632","6632번(강서공영차고지~당산역)","김포공항국제선(00004)",0,0,0,0,0,0,0,0,14,8,11,48,3,42,9,31,27,22,14,17,19,22,27,8,24,20,76,15,59,16,109,15,80,17,95,28,102,22,115,15,101,20,36,16,67,0,10,0,"서울지선버스"
"53",202402,"6632","6632번(강서공영차고지~당산역)","김포공항국제선(00060)",0,0,0,0,0,0,0,0,0,0,0,0,1,13,0,23,1,13,3,4,0,3,6,7,1,2,1,8,3,3,5,4,1,1,2,8,4,3,1,0,2,2,1,2,0,0,0,0,"서울지선버스"
"54",202402,"6632","6632번(강서공영차고지~당산역)","김포공항국제선(00061)",1,0,0,0,0,0,0,0,0,0,0,0,12,51,6,101,2,80,6,21,1,30,2,41,2,37,5,34,8,28,13,17,6,20,12,29,5,13,15,8,18,5,3,9,6,1,6,0,"서울지선버스"
"55",202402,"601","601번(개화동~종로4가)","김포공항국제선(00072)",1,4,2,2,0,0,0,0,0,0,0,0,8,174,6,382,9,166,7,101,6,109,5,105,8,101,16,99,21,106,44,89,17,78,24,91,14,69,15,37,26,29,7,28,4,30,1,5,"서울간선버스"
"56",202402,"6642","6642(가양9단지~강서공영차고지)","롯데몰.김포공항역(00071)",10,5,0,0,0,0,0,0,0,0,0,0,23,195,23,349,48,488,38,319,24,276,16,282,25,272,10,197,28,259,24,331,24,322,36,336,31,385,37,127,18,63,15,51,13,46,29,16,"서울지선버스"
"57",202402,"605","605번(강서공영차고지~후암동)","롯데몰.김포공항역(00010)",0,0,0,0,0,0,0,0,0,0,4,87,7,93,71,139,130,163,24,140,54,106,73,167,110,145,120,110,188,177,199,180,273,178,290,193,201,186,227,99,161,68,96,49,70,20,1,0,"서울간선버스"
"58",202402,"6645","6645(가양9단지~강서공영차고지)","롯데몰.김포공항역(00065)",2,0,0,0,0,0,0,0,0,0,0,0,22,18,36,87,41,65,29,44,15,75,9,68,23,88,23,143,34,93,20,141,34,134,31,137,31,173,30,108,22,67,9,58,18,47,17,11,"서울지선버스"
"59",202402,"605","605번(강서공영차고지~후암동)","롯데몰.김포공항역(00091)",10,3,4,0,0,0,0,0,0,0,0,0,0,14,2,42,8,33,2,20,4,8,10,50,18,63,18,61,10,42,34,73,24,42,22,63,21,70,38,25,24,24,9,30,12,15,5,2,"서울간선버스"
"60",202402,"605","605번(강서공영차고지~후암동)","롯데몰.김포공항역(00092)",45,5,22,1,0,0,0,0,0,0,0,0,2,62,31,216,51,109,25,108,37,135,40,191,68,194,52,215,127,242,94,242,110,276,134,266,100,333,116,160,84,133,52,84,59,64,22,23,"서울간선버스"
"61",202402,"651","651번(방화동~관악구청)","롯데몰.김포공항역(00011)",0,0,0,0,0,0,0,0,8,72,10,215,132,138,311,131,505,113,281,96,250,135,280,205,415,183,431,206,598,221,667,229,790,244,834,173,897,216,871,135,798,72,697,46,703,41,0,0,"서울간선버스"
"62",202402,"651","651번(방화동~관악구청)","롯데몰.김포공항역(00088)",91,22,8,1,0,0,0,0,0,0,0,0,7,562,44,975,43,988,19,929,51,964,60,995,96,927,147,925,176,909,194,948,235,849,210,946,239,1027,207,516,227,355,167,300,115,237,71,146,"서울간선버스"
"63",202402,"6629","6629번(방화동~영등포)","롯데몰.김포공항역(00011)",0,0,0,0,0,0,0,0,1,26,5,186,2,95,27,176,26,207,10,128,26,144,50,197,86,197,136,232,181,157,216,193,237,210,221,171,201,205,202,109,128,61,93,62,109,70,0,1,"서울지선버스"
"64",202402,"6629","6629번(방화동~영등포)","롯데몰.김포공항역(00084)",54,5,0,0,1,0,0,0,0,0,0,0,1,19,28,165,41,123,52,109,58,172,90,205,103,205,132,244,205,256,228,255,205,261,234,270,226,247,269,159,181,100,140,58,82,53,49,13,"서울지선버스"
"65",202402,"6632","6632번(강서공영차고지~당산역)","롯데몰.김포공항역(00059)",1,1,0,0,0,0,0,0,0,0,0,0,2,65,3,86,2,82,0,50,0,50,1,53,1,54,0,77,2,49,2,59,0,61,0,70,2,50,0,27,0,13,1,12,1,12,0,5,"서울지선버스"
"66",202402,"6632","6632번(강서공영차고지~당산역)","롯데몰.김포공항역(00060)",3,5,0,0,0,0,0,0,0,0,0,0,2,354,3,399,10,448,4,252,4,246,4,271,7,259,10,236,7,259,12,234,9,352,7,301,5,400,7,128,3,76,0,66,6,35,5,16,"서울지선버스"
"67",202402,"601","601번(개화동~종로4가)","롯데몰.김포공항역(00071)",9,7,3,0,0,0,0,0,0,0,0,0,6,186,6,293,7,142,7,169,8,241,10,271,5,288,14,351,15,384,26,353,13,494,21,510,22,598,14,263,4,192,12,114,8,97,5,28,"서울간선버스"
"68",202402,"서울02","서울02(김포시풍무동~김포공항역)","김포공항역3번출구(00006)",0,0,0,0,0,0,0,0,0,0,0,0,0,296,4,2194,2,2529,0,0,0,0,0,0,0,0,0,0,0,0,0,0,0,0,0,0,0,0,0,0,0,0,0,0,0,0,0,0,"서울간선버스"
"69",202403,"601","601번(개화동~종로4가)","김포공항국내선(00006)",0,0,0,0,0,0,0,0,13,15,11,57,76,39,97,26,542,42,774,25,691,21,734,22,519,24,608,28,640,22,596,25,422,25,599,25,747,30,440,22,422,14,690,5,549,5,53,1,"서울간선버스"
"70",202403,"605","605번(강서공영차고지~후암동)","김포공항국내선(00013)",0,0,0,0,0,0,0,0,0,0,15,56,45,33,74,41,198,43,197,29,218,40,213,41,174,65,332,45,286,48,337,28,303,29,275,35,457,21,309,16,265,13,355,11,219,3,0,0,"서울간선버스"
"71",202403,"651","651번(방화동~관악구청)","김포공항국내선(00014)",0,0,0,0,0,0,0,0,31,172,38,210,98,119,313,112,447,82,381,70,500,69,421,61,381,114,639,104,743,78,662,46,516,47,540,59,701,62,686,25,696,23,905,24,871,15,184,1,"서울간선버스"
"72",202403,"6629","6629번(방화동~영등포)","김포공항국내선(00014)",0,0,0,0,0,0,0,0,1,45,24,128,26,65,52,56,151,84,147,41,122,34,194,54,143,77,250,75,247,49,251,44,244,34,300,36,341,46,217,13,295,15,390,7,248,14,31,0,"서울지선버스"
"73",202403,"6632","6632번(강서공영차고지~당산역)","김포공항국내선(00006)",0,0,0,0,0,0,0,0,0,21,7,49,14,24,45,9,86,19,54,3,54,11,82,13,100,16,135,20,163,11,142,13,139,5,143,23,222,29,185,11,292,8,222,1,226,5,83,2,"서울지선버스"
"74",202403,"605","605번(강서공영차고지~후암동)","김포공항국내선(00095)",22,2,6,3,0,0,0,0,0,0,0,0,4,56,16,200,59,146,68,87,49,83,50,94,46,124,123,153,132,111,117,76,89,75,84,90,131,106,107,53,88,33,143,28,113,31,101,2,"서울간선버스"
"75",202403,"651","651번(방화동~관악구청)","김포공항국내선(00091)",43,11,7,0,0,0,0,0,0,0,0,0,16,219,53,207,63,260,46,285,46,246,70,297,80,365,101,334,165,226,135,222,84,193,125,189,190,127,153,100,176,36,171,23,136,13,194,10,"서울간선버스"
"76",202403,"6629","6629번(방화동~영등포)","김포공항국내선(00087)",19,2,0,0,0,0,0,0,0,0,0,0,1,4,28,101,70,77,87,93,61,70,64,78,66,122,176,115,197,99,211,50,118,52,161,78,238,57,178,62,154,17,204,10,149,9,156,4,"서울지선버스"
"77",202403,"6632","6632번(강서공영차고지~당산역)","김포공항국내선(00063)",1,1,0,0,0,0,0,0,0,0,0,0,1,92,10,72,9,58,21,35,28,31,17,39,17,60,31,59,24,30,46,31,18,30,22,29,28,34,32,33,24,7,19,5,34,7,25,1,"서울지선버스"
"78",202403,"601","601번(개화동~종로4가)","김포공항국내선(00074)",8,5,1,2,0,0,0,0,0,0,0,0,12,236,12,183,18,175,28,134,26,129,31,179,15,199,31,289,46,240,50,228,30,251,38,269,28,174,29,80,50,48,56,43,31,9,25,3,"서울간선버스"
"79",202403,"605","605번(강서공영차고지~후암동)","김포공항국제선(00093)",15,5,0,2,0,0,0,0,0,0,0,0,7,95,43,219,51,115,23,72,24,35,30,71,26,77,37,82,62,72,96,39,46,32,83,52,99,55,61,21,62,25,42,21,31,25,34,6,"서울간선버스"
"80",202403,"651","651번(방화동~관악구청)","김포공항국제선(00012)",0,0,0,0,0,0,0,0,37,123,50,343,89,100,157,144,150,93,93,25,135,65,84,45,114,61,137,53,170,29,294,24,199,31,200,53,317,17,350,29,273,9,135,9,239,20,5,2,"서울간선버스"
"81",202403,"651","651번(방화동~관악구청)","김포공항국제선(00089)",23,5,2,1,0,0,0,0,0,0,0,0,26,219,13,251,19,250,29,207,46,168,40,142,44,128,54,155,77,85,86,94,60,90,62,117,71,105,84,86,91,37,67,49,65,29,62,10,"서울간선버스"
"82",202403,"6629","6629번(방화동~영등포)","김포공항국제선(00012)",0,0,0,0,0,0,0,0,30,76,13,188,21,70,46,108,22,123,35,48,57,57,38,85,56,67,65,84,119,20,127,50,76,36,74,40,141,57,117,37,99,44,41,19,72,7,0,0,"서울지선버스"
"83",202403,"6629","6629번(방화동~영등포)","김포공항국제선(00085)",10,5,1,0,0,0,0,0,0,0,0,0,2,12,53,219,48,71,48,46,63,60,49,54,40,44,73,69,90,39,127,24,110,47,132,56,166,26,135,27,65,22,46,13,71,11,44,1,"서울지선버스"
"84",202403,"6632","6632번(강서공영차고지~당산역)","김포공항국제선(00004)",0,0,0,0,0,0,0,0,13,6,16,74,9,35,27,26,50,21,22,14,22,20,16,13,43,20,67,19,60,16,90,7,80,8,84,41,154,25,136,16,110,13,40,12,58,4,14,0,"서울지선버스"
"85",202403,"6632","6632번(강서공영차고지~당산역)","김포공항국제선(00061)",0,0,0,0,0,0,0,0,0,0,0,0,6,79,5,117,3,100,10,25,3,27,7,30,8,34,10,32,7,27,37,21,6,28,11,19,13,17,20,13,9,5,10,6,5,6,4,2,"서울지선버스"
"86",202403,"605","605번(강서공영차고지~후암동)","김포공항국제선(00011)",0,0,0,0,0,0,0,0,0,0,9,90,35,62,34,73,44,55,62,42,42,48,55,64,43,46,50,36,99,41,126,33,104,40,79,64,151,36,140,41,109,37,55,18,49,2,0,0,"서울간선버스"
"87",202403,"601","601번(개화동~종로4가)","김포공항국제선(00004)",0,0,0,0,0,0,0,0,10,11,27,65,32,39,56,58,55,52,53,26,62,33,95,32,96,15,124,31,189,23,209,18,153,19,164,31,292,28,214,31,179,15,81,20,93,11,0,0,"서울간선버스"
"88",202403,"601","601번(개화동~종로4가)","김포공항국제선(00072)",1,2,2,0,0,0,0,0,0,0,0,0,7,209,5,364,9,131,7,77,8,115,10,129,14,88,14,134,19,94,33,71,18,78,26,101,20,75,19,36,16,32,4,25,7,36,5,7,"서울간선버스"
"89",202403,"6642","6642(가양9단지~강서공영차고지)","롯데몰.김포공항역(00071)",17,4,0,0,0,0,0,0,0,0,0,0,20,182,32,417,68,653,62,362,20,322,18,263,29,267,29,220,39,268,31,262,29,352,66,355,29,430,28,111,23,54,16,49,22,41,27,14,"서울지선버스"
"90",202403,"605","605번(강서공영차고지~후암동)","롯데몰.김포공항역(00010)",0,0,0,0,0,0,0,0,0,0,4,69,7,103,74,160,130,143,23,134,47,132,84,154,141,156,129,118,210,146,206,108,287,164,293,160,188,145,201,120,154,70,89,60,73,36,0,0,"서울간선버스"
"91",202403,"6645","6645(가양9단지~강서공영차고지)","롯데몰.김포공항역(00065)",1,2,0,0,0,0,0,0,0,0,0,0,14,23,45,110,56,108,62,44,17,82,16,72,18,117,30,139,25,146,38,184,23,169,27,140,27,200,31,112,18,66,10,47,21,62,28,6,"서울지선버스"
"92",202403,"605","605번(강서공영차고지~후암동)","롯데몰.김포공항역(00092)",48,16,16,5,0,0,0,0,0,0,0,0,14,78,17,294,59,185,34,133,28,164,51,211,86,272,63,309,140,325,117,285,149,346,163,353,165,431,127,201,126,134,74,105,62,94,24,31,"서울간선버스"
"93",202403,"651","651번(방화동~관악구청)","롯데몰.김포공항역(00011)",0,0,0,0,0,0,0,0,4,58,12,223,149,156,343,155,524,87,273,110,276,150,304,215,378,197,454,210,626,224,682,236,819,219,881,237,977,223,1081,148,787,64,773,46,647,40,0,0,"서울간선버스"
"94",202403,"651","651번(방화동~관악구청)","롯데몰.김포공항역(00088)",129,23,11,0,0,0,0,0,0,0,0,0,5,599,33,1018,62,1107,23,1007,40,978,76,1104,103,940,135,958,136,913,233,911,216,913,211,955,182,1055,249,549,222,368,179,345,157,279,54,129,"서울간선버스"
"95",202403,"601","601번(개화동~종로4가)","롯데몰.김포공항역(00071)",10,12,4,3,0,0,0,0,0,0,0,0,1,200,9,291,12,154,5,228,8,234,11,328,12,265,13,371,14,400,21,374,15,435,34,562,20,650,15,256,12,201,9,192,9,100,2,34,"서울간선버스"
"96",202403,"6629","6629번(방화동~영등포)","롯데몰.김포공항역(00011)",0,0,0,0,0,0,0,0,1,29,3,175,8,107,16,233,18,222,18,160,37,149,81,194,103,188,165,262,187,182,229,246,235,175,257,196,229,219,217,121,173,79,134,57,127,68,0,0,"서울지선버스"
"97",202403,"6629","6629번(방화동~영등포)","롯데몰.김포공항역(00084)",71,12,6,0,0,0,0,0,0,0,0,0,2,19,34,199,85,146,32,121,70,169,96,211,101,230,156,257,164,328,262,271,242,343,254,268,259,326,237,134,225,101,123,62,117,64,55,21,"서울지선버스"
"98",202403,"6632","6632번(강서공영차고지~당산역)","롯데몰.김포공항역(00060)",1,9,0,0,0,0,0,0,0,0,0,0,1,488,9,627,22,640,5,309,13,341,5,361,3,313,8,300,11,294,15,301,6,384,8,420,12,497,15,146,4,98,3,88,9,45,6,21,"서울지선버스"
"99",202403,"서울02","서울02(김포시풍무동~김포공항역)","김포공항역3번출구(00006)",0,0,0,0,0,0,0,0,0,0,0,0,1,373,40,2449,38,2721,0,0,0,0,0,0,0,0,0,0,0,0,0,0,0,0,0,0,0,0,0,0,0,0,0,0,0,0,0,0,"서울간선버스"
"100",202404,"605","605번(강서공영차고지~후암동)","김포공항국내선(00013)",0,0,0,0,0,0,0,0,0,0,13,69,44,41,78,48,204,51,229,36,192,31,240,43,195,52,317,41,331,33,370,39,280,45,317,45,454,41,341,20,246,10,380,10,156,9,0,0,"서울간선버스"
"101",202404,"651","651번(방화동~관악구청)","김포공항국내선(00014)",0,0,0,0,0,0,0,0,33,159,30,265,95,110,340,89,407,92,428,61,544,59,467,64,398,111,699,87,690,65,602,68,440,40,560,50,704,66,754,21,703,23,975,25,821,21,156,4,"서울간선버스"
"102",202404,"6629","6629번(방화동~영등포)","김포공항국내선(00014)",0,0,0,0,0,0,0,0,0,80,27,177,28,49,37,65,151,75,122,37,143,34,176,50,118,78,233,91,265,45,259,47,195,57,341,40,302,31,280,25,301,15,349,7,252,17,60,1,"서울지선버스"
"103",202404,"6632","6632번(강서공영차고지~당산역)","김포공항국내선(00006)",0,0,0,0,0,0,0,0,0,28,3,53,14,18,34,17,100,19,70,15,65,8,72,9,98,14,167,23,154,16,144,12,180,19,181,10,190,17,206,3,252,5,234,4,177,2,80,3,"서울지선버스"
"104",202404,"601","601번(개화동~종로4가)","김포공항국내선(00006)",0,0,0,0,0,0,0,0,9,35,16,43,76,35,262,27,575,40,712,13,694,23,676,20,534,29,700,31,503,19,540,19,373,13,594,19,642,26,452,14,440,3,652,7,554,3,47,0,"서울간선버스"
"105",202404,"605","605번(강서공영차고지~후암동)","김포공항국내선(00095)",20,7,2,1,0,0,0,0,0,0,0,0,5,55,13,203,64,158,71,91,35,86,43,103,54,134,130,105,144,109,74,87,93,94,146,90,108,92,101,42,98,38,118,18,83,12,95,6,"서울간선버스"
"106",202404,"651","651번(방화동~관악구청)","김포공항국내선(00091)",43,12,2,0,0,0,0,0,0,0,0,0,17,209,49,235,72,265,73,245,59,242,58,291,85,316,116,267,150,215,144,161,81,186,154,188,178,155,182,76,121,27,167,29,160,15,193,19,"서울간선버스"
"107",202404,"6629","6629번(방화동~영등포)","김포공항국내선(00087)",17,2,1,0,0,0,0,0,0,0,0,0,0,4,45,99,68,79,77,59,73,59,87,81,73,118,228,87,185,82,213,82,145,47,124,59,207,65,140,46,179,17,159,16,135,9,138,3,"서울지선버스"
"108",202404,"6632","6632번(강서공영차고지~당산역)","김포공항국내선(00063)",6,2,0,0,0,0,0,0,0,0,0,0,7,85,19,93,7,60,10,38,17,38,15,64,8,77,20,52,34,46,31,33,15,37,37,27,22,33,29,17,23,10,28,8,20,6,29,2,"서울지선버스"
"109",202404,"601","601번(개화동~종로4가)","김포공항국내선(00074)",4,8,2,6,0,0,0,0,0,0,0,0,10,223,11,188,17,147,35,129,25,127,23,179,28,245,44,232,57,208,65,213,29,218,46,223,41,195,26,108,36,40,32,21,21,20,25,3,"서울간선버스"
"110",202404,"605","605번(강서공영차고지~후암동)","김포공항국제선(00011)",0,0,0,0,0,0,0,0,0,0,7,88,55,64,35,89,58,60,67,41,52,40,42,42,54,47,72,38,116,38,154,16,98,39,109,42,157,39,127,23,136,39,49,25,41,5,0,0,"서울간선버스"
"111",202404,"605","605번(강서공영차고지~후암동)","김포공항국제선(00093)",5,3,0,0,0,0,0,0,0,0,0,0,5,80,40,323,47,127,32,64,37,45,36,108,25,79,49,78,48,76,119,53,60,52,73,41,70,69,67,26,66,19,37,20,47,18,31,7,"서울간선버스"
"112",202404,"651","651번(방화동~관악구청)","김포공항국제선(00012)",0,0,0,0,0,0,0,0,56,123,39,318,110,109,139,160,162,94,108,48,126,69,95,70,104,63,174,60,177,33,254,38,219,43,205,45,327,12,304,19,269,12,188,16,244,30,1,0,"서울간선버스"
"113",202404,"651","651번(방화동~관악구청)","김포공항국제선(00089)",16,2,1,2,0,0,0,0,0,0,0,0,25,231,15,259,13,292,35,229,42,154,29,152,37,133,68,153,75,100,81,87,62,101,88,133,79,84,64,81,89,31,74,26,76,23,82,11,"서울간선버스"
"114",202404,"6629","6629번(방화동~영등포)","김포공항국제선(00012)",0,0,0,0,0,0,0,0,22,103,31,165,24,70,56,101,20,105,36,32,64,59,42,59,46,54,57,79,123,43,132,43,64,27,100,51,139,43,91,32,78,43,55,18,84,5,2,0,"서울지선버스"
"115",202404,"6629","6629번(방화동~영등포)","김포공항국제선(00085)",17,1,0,0,0,0,0,0,0,0,0,0,3,8,54,200,42,98,59,37,58,57,39,58,36,46,90,66,93,49,152,41,107,51,106,38,129,19,114,33,82,11,51,10,36,14,52,1,"서울지선버스"
"116",202404,"6632","6632번(강서공영차고지~당산역)","김포공항국제선(00004)",0,0,0,0,0,0,0,0,15,5,7,68,9,36,36,41,52,15,22,13,31,11,23,13,46,9,74,19,65,8,106,18,76,15,83,23,156,19,86,21,116,16,52,26,76,5,17,0,"서울지선버스"
"117",202404,"6632","6632번(강서공영차고지~당산역)","김포공항국제선(00061)",0,0,0,0,0,0,0,0,0,0,0,0,6,101,6,128,6,89,7,27,7,35,5,35,8,45,10,32,11,29,28,26,11,32,18,34,7,25,14,7,9,8,3,5,9,6,5,0,"서울지선버스"
"118",202404,"601","601번(개화동~종로4가)","김포공항국제선(00004)",0,0,0,0,0,0,0,0,27,15,16,61,24,42,79,88,73,32,36,34,99,32,101,19,93,15,138,30,147,20,178,11,156,26,206,28,300,51,221,27,181,8,80,37,103,2,0,0,"서울간선버스"
"119",202404,"601","601번(개화동~종로4가)","김포공항국제선(00072)",0,3,0,0,0,0,0,0,0,0,0,0,19,278,7,384,2,145,15,82,5,97,13,103,17,125,14,121,12,101,36,90,16,77,21,81,14,75,20,36,9,42,3,36,6,22,3,8,"서울간선버스"
"120",202404,"6645","6645(가양9단지~강서공영차고지)","롯데몰.김포공항역(00065)",9,0,0,0,0,0,0,0,0,0,0,0,18,29,33,158,55,72,55,64,27,70,19,85,24,91,20,108,33,94,25,149,17,167,35,143,24,207,29,100,17,66,14,51,15,75,19,17,"서울지선버스"
"121",202404,"605","605번(강서공영차고지~후암동)","롯데몰.김포공항역(00092)",47,18,28,2,0,0,0,0,0,0,0,0,8,60,13,329,63,189,31,148,46,160,76,253,57,235,91,271,91,255,123,268,119,323,156,348,129,551,136,255,98,150,56,132,38,114,17,27,"서울간선버스"
"122",202404,"6642","6642(가양9단지~강서공영차고지)","롯데몰.김포공항역(00071)",4,5,0,0,0,0,0,0,0,0,0,0,21,194,30,510,51,580,58,339,37,255,15,269,60,238,22,184,57,231,27,243,26,319,30,289,38,444,30,146,22,83,12,76,16,56,20,16,"서울지선버스"
"123",202404,"651","651번(방화동~관악구청)","롯데몰.김포공항역(00011)",0,0,0,0,0,0,0,0,4,43,15,231,132,185,397,183,550,132,230,91,313,173,308,204,374,177,489,224,643,215,635,255,764,202,833,236,951,211,1027,160,843,86,769,64,708,48,0,0,"서울간선버스"
"124",202404,"651","651번(방화동~관악구청)","롯데몰.김포공항역(00088)",120,25,11,1,0,0,0,0,0,0,0,0,6,663,35,1174,66,1266,26,1028,52,969,65,1157,119,866,116,886,143,818,195,852,215,907,231,899,254,1097,249,516,222,400,152,326,127,263,55,125,"서울간선버스"
"125",202404,"6629","6629번(방화동~영등포)","롯데몰.김포공항역(00011)",0,0,0,0,0,0,0,0,0,26,3,231,8,117,24,216,35,243,19,107,46,150,63,169,103,183,159,204,168,176,201,148,260,195,217,209,207,214,221,132,148,63,126,43,141,61,0,0,"서울지선버스"
"126",202404,"6629","6629번(방화동~영등포)","롯데몰.김포공항역(00084)",50,0,4,0,0,0,0,0,0,0,0,0,4,16,46,175,85,147,38,120,56,138,85,193,77,214,128,267,200,270,228,216,242,279,234,333,222,301,258,164,202,92,146,81,95,66,51,22,"서울지선버스"
"127",202404,"6632","6632번(강서공영차고지~당산역)","롯데몰.김포공항역(00060)",3,5,0,0,0,0,0,0,0,0,0,1,0,497,17,562,7,699,3,348,6,278,7,318,10,290,18,270,15,250,12,308,14,408,9,394,14,567,12,152,6,99,3,107,6,44,4,19,"서울지선버스"
"128",202404,"605","605번(강서공영차고지~후암동)","롯데몰.김포공항역(00010)",0,0,0,0,0,0,0,0,0,0,4,82,4,114,73,160,145,181,26,136,54,146,89,129,118,185,146,110,194,137,195,120,290,173,192,152,207,187,175,129,155,83,93,52,92,20,0,0,"서울간선버스"
"129",202404,"601","601번(개화동~종로4가)","롯데몰.김포공항역(00071)",7,7,9,3,0,0,0,0,0,0,0,0,4,182,8,338,9,173,5,198,10,225,9,297,18,323,8,332,17,392,24,395,18,447,22,549,20,657,11,275,12,220,1,163,6,84,2,35,"서울간선버스"
"130",202404,"서울02","서울02(김포시풍무동~김포공항역)","김포공항역3번출구(00006)",0,0,0,0,0,0,0,0,0,0,0,0,3,344,8,3161,9,2939,0,0,0,0,0,0,0,0,0,0,0,0,0,0,0,0,0,0,0,0,0,0,0,0,0,0,0,0,0,0,"서울간선버스"
"131",202405,"601","601번(개화동~종로4가)","김포공항국내선(00006)",0,0,0,0,0,0,0,0,8,20,20,50,70,20,255,28,583,33,709,13,828,22,713,26,517,28,649,29,662,20,545,25,448,18,634,16,694,23,559,19,436,8,653,6,589,10,95,1,"서울간선버스"
"132",202405,"605","605번(강서공영차고지~후암동)","김포공항국내선(00013)",0,0,0,0,0,0,0,0,0,0,15,83,54,67,65,32,234,47,231,38,271,40,224,37,219,72,332,37,247,31,297,19,270,35,316,33,417,34,368,18,263,20,396,5,185,12,0,0,"서울간선버스"
"133",202405,"651","651번(방화동~관악구청)","김포공항국내선(00014)",0,0,0,0,0,0,0,0,28,196,37,273,122,125,368,107,388,102,457,76,545,48,435,84,367,93,691,99,694,66,610,61,474,55,528,71,677,75,869,30,713,25,1068,30,831,15,204,1,"서울간선버스"
"134",202405,"6629","6629번(방화동~영등포)","김포공항국내선(00014)",0,0,0,0,0,0,0,0,3,70,22,172,32,66,46,53,142,75,119,26,157,34,152,37,123,82,302,95,292,34,265,66,170,59,334,53,290,44,297,25,331,15,363,22,272,9,59,0,"서울지선버스"
"135",202405,"6632","6632번(강서공영차고지~당산역)","김포공항국내선(00006)",0,0,0,0,0,0,0,0,0,12,8,55,13,28,35,13,111,15,67,7,55,12,83,7,124,12,188,13,173,7,145,7,138,3,144,15,244,25,207,9,277,10,227,5,172,6,75,1,"서울지선버스"
"136",202405,"605","605번(강서공영차고지~후암동)","김포공항국내선(00095)",20,6,4,2,0,0,0,0,0,0,0,0,6,67,12,188,89,170,66,87,57,79,56,116,68,151,167,148,145,85,119,101,105,94,86,101,123,95,96,64,118,31,109,21,107,12,112,6,"서울간선버스"
"137",202405,"651","651번(방화동~관악구청)","김포공항국내선(00091)",35,9,1,0,0,0,0,0,0,0,0,0,21,255,38,238,83,284,62,203,58,240,60,292,79,351,137,317,147,238,130,160,105,196,116,196,180,164,163,74,117,43,173,32,145,32,180,10,"서울간선버스"
"138",202405,"601","601번(개화동~종로4가)","김포공항국내선(00074)",6,9,1,5,0,0,0,0,0,0,0,0,13,238,11,205,21,191,25,145,33,143,18,184,33,219,44,199,59,198,61,208,28,231,58,260,28,192,36,78,52,36,32,26,34,16,41,7,"서울간선버스"
"139",202405,"6629","6629번(방화동~영등포)","김포공항국내선(00087)",19,1,2,0,0,0,0,0,0,0,0,0,0,0,18,116,82,90,102,89,60,49,85,82,58,110,228,90,187,81,209,64,139,48,149,65,241,88,160,45,142,16,180,18,163,3,157,5,"서울지선버스"
"140",202405,"6632","6632번(강서공영차고지~당산역)","김포공항국내선(00063)",0,0,0,0,0,0,0,0,0,0,0,0,6,77,18,78,8,68,21,41,24,25,19,56,13,79,41,47,37,31,42,22,12,43,23,30,27,30,22,16,24,13,25,4,28,4,26,5,"서울지선버스"
"141",202405,"605","605번(강서공영차고지~후암동)","김포공항국제선(00093)",7,6,0,1,0,0,0,0,0,0,0,0,3,88,38,314,41,164,34,51,22,66,42,118,27,94,40,81,65,82,100,49,87,63,71,77,61,51,67,29,72,25,33,32,38,30,42,12,"서울간선버스"
"142",202405,"605","605번(강서공영차고지~후암동)","김포공항국제선(00011)",0,0,0,0,0,0,0,0,0,0,16,84,43,64,48,68,51,43,81,33,57,58,45,58,58,58,76,46,125,29,142,31,108,35,115,38,152,38,162,26,129,44,62,18,49,14,0,0,"서울간선버스"
"143",202405,"651","651번(방화동~관악구청)","김포공항국제선(00012)",0,0,0,0,0,0,0,0,75,107,57,375,94,116,160,170,195,78,93,18,137,77,83,60,128,34,178,65,168,35,278,32,209,38,201,43,340,28,254,22,304,18,192,21,210,9,8,0,"서울간선버스"
"144",202405,"651","651번(방화동~관악구청)","김포공항국제선(00089)",12,3,0,0,0,0,0,0,0,0,0,0,20,240,16,251,33,298,37,215,54,184,36,155,33,142,54,176,107,82,94,76,59,108,80,140,85,107,85,84,88,46,73,39,94,17,68,7,"서울간선버스"
"145",202405,"6629","6629번(방화동~영등포)","김포공항국제선(00012)",0,0,0,0,0,0,0,0,7,95,23,151,21,79,42,99,21,119,37,29,65,67,34,59,40,75,104,61,96,39,123,37,64,38,73,58,125,38,112,32,94,36,73,24,73,16,2,0,"서울지선버스"
"146",202405,"601","601번(개화동~종로4가)","김포공항국제선(00004)",0,0,0,0,0,0,0,0,16,39,31,52,31,47,74,65,77,35,48,36,129,28,107,18,93,25,164,26,157,26,204,24,110,26,165,35,282,29,182,28,152,11,119,40,114,4,0,0,"서울간선버스"
"147",202405,"6629","6629번(방화동~영등포)","김포공항국제선(00085)",13,3,1,1,0,0,0,0,0,0,0,0,4,10,59,212,57,90,47,47,60,41,51,60,46,29,64,62,93,55,137,41,101,51,128,50,127,30,102,28,80,9,42,14,55,10,54,3,"서울지선버스"
"148",202405,"6632","6632번(강서공영차고지~당산역)","김포공항국제선(00004)",0,0,0,0,0,0,0,0,9,12,14,79,7,51,25,32,52,20,17,17,18,17,24,6,49,15,72,18,62,13,141,16,87,24,111,33,134,27,78,20,119,11,74,36,74,8,15,0,"서울지선버스"
"149",202405,"6632","6632번(강서공영차고지~당산역)","김포공항국제선(00061)",0,1,0,0,0,0,0,0,0,0,0,0,7,97,3,84,14,133,2,22,1,33,4,43,9,61,8,40,6,41,26,29,14,22,17,23,9,24,12,7,10,5,3,3,9,6,4,3,"서울지선버스"
"150",202405,"601","601번(개화동~종로4가)","김포공항국제선(00072)",2,3,0,3,0,0,0,0,0,0,0,0,14,260,13,425,16,173,9,114,4,106,5,153,15,104,5,153,15,99,23,94,25,103,15,130,16,82,15,37,17,41,8,39,5,15,7,11,"서울간선버스"
"151",202405,"6645","6645(가양9단지~강서공영차고지)","롯데몰.김포공항역(00065)",5,3,0,0,0,0,0,0,0,0,0,0,21,34,38,178,31,78,67,53,16,106,17,111,12,122,20,123,39,138,43,181,32,152,31,169,25,177,33,123,16,74,20,52,26,67,22,17,"서울지선버스"
"152",202405,"605","605번(강서공영차고지~후암동)","롯데몰.김포공항역(00092)",39,16,25,0,0,0,0,0,0,0,0,0,7,94,27,351,57,196,50,154,39,204,73,278,107,297,90,332,112,278,140,294,133,390,167,371,127,494,152,222,107,170,61,138,50,101,27,37,"서울간선버스"
"153",202405,"6642","6642(가양9단지~강서공영차고지)","롯데몰.김포공항역(00071)",7,4,0,0,0,0,0,0,0,0,0,0,27,259,23,484,66,638,63,305,27,272,39,269,36,268,37,258,31,253,38,296,30,353,42,315,29,435,30,127,24,78,26,76,19,36,30,35,"서울지선버스"
"154",202405,"605","605번(강서공영차고지~후암동)","롯데몰.김포공항역(00010)",0,0,0,0,0,0,0,0,0,0,9,104,9,93,81,148,121,158,36,158,46,127,107,171,146,116,167,107,187,152,209,129,286,189,260,187,199,184,199,139,207,88,123,43,80,32,0,0,"서울간선버스"
"155",202405,"651","651번(방화동~관악구청)","롯데몰.김포공항역(00011)",0,0,0,0,0,0,0,0,8,69,17,275,110,195,440,193,533,149,298,118,261,194,299,215,441,221,480,258,708,210,708,219,810,259,861,242,996,254,1018,163,875,84,723,61,789,21,0,0,"서울간선버스"
"156",202405,"651","651번(방화동~관악구청)","롯데몰.김포공항역(00088)",106,20,33,0,0,0,0,0,0,0,0,0,15,670,40,1239,77,1125,40,1139,49,1009,85,1183,111,971,149,1002,166,898,211,887,235,987,222,941,211,1103,236,609,240,347,192,355,162,315,62,109,"서울간선버스"
"157",202405,"601","601번(개화동~종로4가)","롯데몰.김포공항역(00071)",10,17,3,4,0,0,0,0,0,0,0,0,9,207,14,337,8,154,8,197,9,272,13,365,17,358,13,352,18,373,21,421,13,539,21,600,17,693,18,265,9,200,4,185,13,107,7,34,"서울간선버스"
"158",202405,"6629","6629번(방화동~영등포)","롯데몰.김포공항역(00011)",0,0,0,0,0,0,0,0,1,38,2,196,28,112,33,220,47,242,22,131,43,161,77,203,111,213,177,262,190,151,214,202,279,213,229,225,225,227,225,144,183,83,112,56,145,61,0,0,"서울지선버스"
"159",202405,"6629","6629번(방화동~영등포)","롯데몰.김포공항역(00084)",44,6,9,1,0,0,0,0,0,0,0,0,2,15,39,183,88,106,58,113,85,167,106,181,101,248,161,235,211,284,253,294,260,271,244,274,271,408,244,133,228,116,145,75,94,55,58,29,"서울지선버스"
"160",202405,"6632","6632번(강서공영차고지~당산역)","롯데몰.김포공항역(00060)",7,2,0,0,0,0,0,0,0,0,0,4,16,513,19,574,13,613,6,379,3,337,8,330,12,307,9,279,17,263,17,308,26,336,11,322,12,531,4,192,8,95,3,83,7,54,6,19,"서울지선버스"
"161",202405,"서울02","서울02(김포시풍무동~김포공항역)","김포공항역3번출구(00006)",0,0,0,0,0,0,0,0,0,0,0,0,1,415,8,3073,7,2737,0,0,0,0,0,0,0,0,0,0,0,0,0,0,0,0,0,0,0,0,0,0,0,0,0,0,0,0,0,0,"서울간선버스"
"162",202406,"605","605번(강서공영차고지~후암동)","김포공항국내선(00013)",0,0,0,0,0,0,0,0,0,0,18,85,39,53,67,58,178,50,269,50,265,37,237,43,211,70,338,59,273,59,312,42,274,34,325,35,473,41,279,20,271,13,439,14,212,16,0,0,"서울간선버스"
"163",202406,"651","651번(방화동~관악구청)","김포공항국내선(00014)",0,0,0,0,0,0,0,0,44,203,34,248,94,116,306,83,387,115,501,80,522,78,467,60,407,110,650,94,698,51,614,71,458,52,623,70,762,64,791,28,673,23,1020,36,814,19,161,0,"서울간선버스"
"164",202406,"6629","6629번(방화동~영등포)","김포공항국내선(00014)",0,0,0,0,0,0,0,0,4,112,32,168,29,65,42,52,125,79,147,51,130,47,143,42,168,101,292,84,276,47,235,52,199,58,336,43,299,28,263,17,343,21,348,7,251,11,49,0,"서울지선버스"
"165",202406,"6632","6632번(강서공영차고지~당산역)","김포공항국내선(00006)",0,0,0,0,0,0,0,0,0,21,3,81,14,18,55,16,104,21,64,11,71,14,78,13,105,14,167,15,183,11,146,7,147,11,157,6,230,19,171,10,229,10,249,7,181,4,67,6,"서울지선버스"
"166",202406,"601","601번(개화동~종로4가)","김포공항국내선(00006)",0,0,0,0,0,0,0,0,13,34,20,57,58,45,277,33,532,34,808,11,732,20,714,17,499,29,684,22,663,11,550,21,375,19,696,28,739,12,568,20,395,7,710,8,595,3,95,1,"서울간선버스"
"167",202406,"601","601번(개화동~종로4가)","김포공항국내선(00074)",5,7,0,1,0,0,0,0,0,0,0,0,9,226,13,198,26,186,29,168,28,150,30,201,23,220,39,240,64,242,40,230,28,241,59,243,57,189,23,95,55,34,35,22,38,18,30,14,"서울간선버스"
"168",202406,"605","605번(강서공영차고지~후암동)","김포공항국내선(00095)",16,2,4,3,0,0,0,0,0,0,0,0,7,61,11,171,68,165,60,88,63,68,66,108,58,111,119,136,88,118,111,74,82,117,90,109,131,94,92,50,98,17,115,29,102,15,125,8,"서울간선버스"
"169",202406,"651","651번(방화동~관악구청)","김포공항국내선(00091)",37,4,2,0,0,0,0,0,0,0,0,0,19,221,47,244,75,250,73,231,65,289,55,317,78,339,124,292,159,215,143,170,118,227,134,189,164,169,178,75,153,42,199,25,136,28,174,8,"서울간선버스"
"170",202406,"6629","6629번(방화동~영등포)","김포공항국내선(00087)",28,2,0,0,0,0,0,0,0,0,0,0,2,9,34,96,74,100,89,64,71,66,84,64,86,116,185,78,200,59,149,54,131,66,168,78,185,64,185,53,169,19,176,17,167,11,147,4,"서울지선버스"
"171",202406,"6632","6632번(강서공영차고지~당산역)","김포공항국내선(00063)",2,3,0,0,0,0,0,0,0,0,0,1,9,96,9,85,11,40,15,29,18,36,14,36,13,87,38,57,44,59,36,35,18,32,20,32,31,27,38,15,32,6,33,9,19,3,15,2,"서울지선버스"
"172",202406,"605","605번(강서공영차고지~후암동)","김포공항국제선(00011)",0,0,0,0,0,0,0,0,0,0,28,61,35,63,35,90,42,71,69,46,53,49,47,45,61,58,75,45,116,31,131,23,77,65,78,51,196,38,116,31,107,45,87,23,39,8,0,0,"서울간선버스"
"173",202406,"605","605번(강서공영차고지~후암동)","김포공항국제선(00093)",10,4,2,0,0,0,0,0,0,0,0,0,4,74,40,255,39,128,30,54,47,57,33,98,28,75,37,92,54,88,100,45,76,59,68,65,105,44,53,28,68,34,29,22,31,13,36,19,"서울간선버스"
"174",202406,"651","651번(방화동~관악구청)","김포공항국제선(00012)",0,0,0,0,0,0,0,0,60,111,73,408,123,120,156,178,176,76,124,24,139,54,98,51,95,53,172,65,183,38,275,37,197,27,177,39,312,32,305,22,264,11,151,21,219,10,10,0,"서울간선버스"
"175",202406,"651","651번(방화동~관악구청)","김포공항국제선(00089)",16,4,0,0,0,0,0,0,0,0,0,0,18,273,17,230,22,264,42,207,61,229,30,147,32,137,68,181,93,84,97,99,62,116,68,141,72,103,72,88,71,51,94,29,93,32,53,12,"서울간선버스"
"176",202406,"601","601번(개화동~종로4가)","김포공항국제선(00072)",3,8,0,1,0,0,0,0,0,0,0,0,12,246,17,330,9,169,9,114,10,103,5,143,11,155,9,151,17,134,33,91,11,81,16,105,22,81,20,46,17,46,5,46,4,29,5,11,"서울간선버스"
"177",202406,"6629","6629번(방화동~영등포)","김포공항국제선(00012)",0,0,0,0,0,0,0,0,17,118,33,174,24,74,41,86,38,100,40,34,63,60,44,80,58,91,68,60,122,34,133,47,52,55,94,55,102,35,98,40,140,41,67,24,92,11,6,0,"서울지선버스"
"178",202406,"6629","6629번(방화동~영등포)","김포공항국제선(00085)",16,5,0,0,0,0,0,0,0,0,0,0,7,9,56,191,52,124,46,62,73,66,46,55,47,40,61,55,101,41,129,32,120,45,119,62,105,26,104,24,74,26,62,11,57,13,44,3,"서울지선버스"
"179",202406,"6632","6632번(강서공영차고지~당산역)","김포공항국제선(00004)",0,0,0,0,0,0,0,0,22,17,27,55,6,47,32,39,42,18,29,27,27,25,36,12,57,18,82,25,81,14,125,8,101,11,101,23,142,17,90,14,116,13,60,22,73,2,26,0,"서울지선버스"
"180",202406,"6632","6632번(강서공영차고지~당산역)","김포공항국제선(00061)",1,1,0,0,0,0,0,0,0,0,0,0,3,98,7,107,3,104,7,17,2,39,2,44,15,42,10,34,12,27,31,33,16,26,9,31,8,29,13,12,11,8,4,4,14,4,5,0,"서울지선버스"
"181",202406,"601","601번(개화동~종로4가)","김포공항국제선(00004)",0,0,0,0,0,0,0,0,28,37,30,78,32,56,88,57,80,28,51,41,104,33,106,19,113,21,120,43,165,21,198,17,115,38,161,24,260,25,186,34,127,16,94,44,131,10,0,0,"서울간선버스"
"182",202406,"6645","6645(가양9단지~강서공영차고지)","롯데몰.김포공항역(00065)",6,2,0,0,0,0,0,0,0,0,0,0,16,29,38,211,44,90,41,60,13,109,21,80,28,101,28,118,32,110,39,171,28,179,51,170,25,196,15,130,25,87,7,67,26,72,20,16,"서울지선버스"
"183",202406,"605","605번(강서공영차고지~후암동)","롯데몰.김포공항역(00010)",0,0,0,0,0,0,0,0,0,0,5,87,6,84,72,122,110,201,44,151,35,151,90,180,128,168,119,130,231,177,262,129,266,196,288,176,216,229,201,117,191,84,138,43,97,24,0,0,"서울간선버스"
"184",202406,"6642","6642(가양9단지~강서공영차고지)","롯데몰.김포공항역(00071)",8,2,0,0,0,0,0,0,0,0,0,0,26,221,24,455,40,505,68,312,32,287,33,289,27,266,25,238,38,237,36,229,39,325,39,312,25,438,33,143,13,77,13,55,21,40,40,22,"서울지선버스"
"185",202406,"605","605번(강서공영차고지~후암동)","롯데몰.김포공항역(00092)",49,10,26,1,0,0,0,0,0,0,0,0,4,69,16,313,60,163,35,138,45,159,76,236,73,260,104,305,115,288,141,308,141,345,171,408,112,517,154,298,107,199,81,167,55,101,14,38,"서울간선버스"
"186",202406,"651","651번(방화동~관악구청)","롯데몰.김포공항역(00011)",0,0,0,0,0,0,0,0,7,54,16,257,139,188,402,228,478,143,290,103,300,209,305,188,437,228,478,230,547,205,814,249,768,288,874,229,923,263,947,160,923,90,735,68,776,45,0,0,"서울간선버스"
"187",202406,"651","651번(방화동~관악구청)","롯데몰.김포공항역(00088)",136,14,14,0,0,0,0,0,0,0,0,0,9,668,32,1128,48,1042,48,1033,52,987,133,1133,149,1005,134,1013,187,798,218,905,285,1040,213,885,237,1091,216,606,240,418,210,360,140,341,67,126,"서울간선버스"
"188",202406,"6629","6629번(방화동~영등포)","롯데몰.김포공항역(00011)",0,0,0,0,0,0,0,0,4,43,4,207,18,88,46,186,41,267,43,136,38,160,65,163,103,236,158,212,169,178,249,177,277,216,240,210,210,221,260,150,188,85,124,63,165,73,0,0,"서울지선버스"
"189",202406,"6629","6629번(방화동~영등포)","롯데몰.김포공항역(00084)",75,8,8,1,0,0,0,0,0,0,0,0,9,20,41,155,86,122,59,99,61,215,118,225,140,259,177,286,198,334,246,258,263,326,281,320,271,425,216,191,229,88,140,100,96,62,47,39,"서울지선버스"
"190",202406,"6632","6632번(강서공영차고지~당산역)","롯데몰.김포공항역(00060)",7,4,0,0,0,0,0,0,0,0,0,0,3,475,20,503,8,556,9,328,9,267,7,321,16,331,17,277,18,266,11,302,15,388,17,443,13,424,11,203,5,104,7,75,3,49,2,9,"서울지선버스"
"191",202406,"601","601번(개화동~종로4가)","롯데몰.김포공항역(00071)",14,16,4,4,0,0,0,0,0,0,0,0,6,203,12,326,12,175,7,211,7,243,11,344,12,345,17,351,21,339,19,455,29,549,16,631,20,637,15,314,8,244,8,212,8,106,8,44,"서울간선버스"
"192",202406,"서울02퇴근","서울02퇴근(김포공항역~김포시풍무동)","김포공항역3번출구(00001)",0,0,0,0,0,0,0,0,0,0,0,0,0,0,0,0,0,0,0,0,0,0,0,0,0,0,0,0,0,0,0,0,0,0,0,0,526,0,13,0,0,0,0,0,0,0,0,0,"서울간선버스"
"193",202406,"서울02출근","서울02출근(김포시풍무동~김포공항역)","김포공항역3번출구(00006)",0,0,0,0,0,0,0,0,0,0,0,0,0,423,3,2892,5,2525,0,0,0,0,0,0,0,0,0,0,0,0,0,0,0,0,0,0,0,0,0,0,0,0,0,0,0,0,0,0,"서울간선버스"
"194",202407,"601","601번(개화동~종로4가)","김포공항국내선(00006)",0,0,0,0,0,0,0,0,15,31,17,62,45,52,269,30,568,41,776,22,960,20,699,16,561,28,651,22,707,20,506,14,428,32,615,21,766,25,516,15,463,13,735,9,574,5,78,3,"서울간선버스"
"195",202407,"605","605번(강서공영차고지~후암동)","김포공항국내선(00013)",0,0,0,0,0,0,0,0,0,0,17,75,36,48,75,66,170,58,267,51,259,37,288,44,216,94,327,67,267,50,356,36,290,32,401,54,483,34,315,34,283,16,330,9,181,5,0,0,"서울간선버스"
"196",202407,"651","651번(방화동~관악구청)","김포공항국내선(00014)",0,0,0,0,0,0,0,0,35,245,25,262,109,140,356,95,388,95,526,92,551,88,509,76,406,130,636,93,730,90,562,45,464,58,547,70,752,75,741,42,726,21,912,29,842,25,140,2,"서울간선버스"
"197",202407,"6629","6629번(방화동~영등포)","김포공항국내선(00014)",0,0,0,0,0,0,0,0,2,100,24,185,22,62,43,92,117,76,132,39,144,39,187,45,133,92,310,93,303,65,240,41,213,49,328,49,356,62,258,21,266,18,353,8,219,12,39,0,"서울지선버스"
"198",202407,"6632","6632번(강서공영차고지~당산역)","김포공항국내선(00006)",0,0,0,0,0,0,0,0,1,30,3,80,20,31,60,17,99,12,103,11,71,8,83,11,116,18,182,17,179,7,162,9,156,13,162,11,237,16,220,6,248,9,236,3,195,3,62,0,"서울지선버스"
"199",202407,"605","605번(강서공영차고지~후암동)","김포공항국내선(00095)",20,4,1,1,0,0,0,0,0,0,0,0,5,70,9,199,67,135,80,87,51,61,62,111,63,139,159,97,145,104,111,109,106,87,109,117,140,109,135,49,135,33,116,35,93,12,123,6,"서울간선버스"
"200",202407,"651","651번(방화동~관악구청)","김포공항국내선(00091)",41,5,2,1,0,0,0,0,0,0,0,0,13,224,47,301,64,227,81,249,62,256,54,281,79,332,115,277,168,249,123,166,120,185,119,201,193,163,187,78,183,45,150,29,151,25,208,14,"서울간선버스"
"201",202407,"6629","6629번(방화동~영등포)","김포공항국내선(00087)",18,0,2,1,0,0,0,0,0,0,0,0,4,7,25,121,82,86,71,76,76,63,75,87,86,124,190,117,235,67,225,79,167,57,204,75,248,75,167,48,146,18,201,16,132,9,177,9,"서울지선버스"
"202",202407,"601","601번(개화동~종로4가)","김포공항국내선(00074)",3,4,0,3,0,0,0,0,0,0,0,0,10,201,17,212,31,179,30,171,39,112,33,209,22,235,34,255,77,243,73,234,33,275,43,296,36,235,40,59,51,45,45,31,27,17,32,4,"서울간선버스"
"203",202407,"6632","6632번(강서공영차고지~당산역)","김포공항국내선(00063)",5,1,0,0,0,0,0,0,0,0,0,0,8,95,11,92,13,42,34,37,10,25,16,43,26,70,33,47,40,68,41,36,16,32,25,26,17,37,28,29,35,11,22,8,28,5,28,4,"서울지선버스"
"204",202407,"601","601번(개화동~종로4가)","김포공항국제선(00004)",0,0,0,0,0,0,0,0,30,49,38,81,36,64,88,78,79,30,78,23,80,26,72,23,103,17,142,35,168,22,200,20,144,32,182,28,325,20,179,37,163,12,128,33,102,6,0,0,"서울간선버스"
"205",202407,"605","605번(강서공영차고지~후암동)","김포공항국제선(00011)",0,0,0,0,0,0,0,0,0,0,30,79,41,47,45,145,54,119,72,35,59,57,66,71,52,56,90,46,102,33,156,51,98,48,140,53,200,41,155,26,130,43,70,13,52,10,0,0,"서울간선버스"
"206",202407,"601","601번(개화동~종로4가)","김포공항국제선(00072)",4,12,0,0,0,0,0,0,0,0,0,0,6,220,20,478,11,199,10,110,18,123,9,123,7,131,18,155,10,120,38,99,17,126,34,115,23,103,15,46,28,39,8,54,16,29,6,9,"서울간선버스"
"207",202407,"605","605번(강서공영차고지~후암동)","김포공항국제선(00093)",14,4,1,2,0,0,0,0,0,0,0,0,6,85,45,244,58,159,49,69,48,71,39,85,36,72,61,86,68,63,112,54,102,61,94,67,115,53,67,36,76,27,37,29,33,21,35,13,"서울간선버스"
"208",202407,"651","651번(방화동~관악구청)","김포공항국제선(00012)",0,0,0,0,0,0,0,0,72,155,72,362,113,112,144,160,164,84,100,20,128,61,71,68,127,63,118,80,185,34,264,28,235,38,200,41,259,22,298,22,305,18,146,14,213,10,7,0,"서울간선버스"
"209",202407,"651","651번(방화동~관악구청)","김포공항국제선(00089)",18,3,2,2,0,0,0,0,0,0,0,0,30,296,11,290,21,328,50,207,79,203,44,180,40,126,89,185,131,105,87,86,73,152,83,131,97,99,89,76,109,42,92,32,62,30,94,12,"서울간선버스"
"210",202407,"6629","6629번(방화동~영등포)","김포공항국제선(00012)",0,0,0,0,0,0,0,0,32,124,29,213,27,93,45,134,55,140,46,51,49,48,38,75,43,92,82,67,116,47,122,40,80,50,99,71,141,42,110,35,120,63,68,20,86,13,2,0,"서울지선버스"
"211",202407,"6629","6629번(방화동~영등포)","김포공항국제선(00085)",16,8,1,0,0,0,0,0,0,0,0,0,6,3,60,252,50,101,59,46,74,76,61,46,45,49,74,73,102,45,162,43,150,63,134,52,160,46,112,61,106,23,62,15,68,7,70,4,"서울지선버스"
"212",202407,"6632","6632번(강서공영차고지~당산역)","김포공항국제선(00004)",0,0,0,0,0,0,0,0,15,15,32,85,8,44,32,34,53,37,40,18,30,34,28,10,57,14,72,25,96,6,133,16,111,20,94,32,148,20,92,17,160,16,58,30,84,4,10,0,"서울지선버스"
"213",202407,"6632","6632번(강서공영차고지~당산역)","김포공항국제선(00061)",1,0,0,0,0,0,0,0,0,0,0,0,9,107,6,128,5,111,6,27,7,25,6,59,14,33,13,38,9,32,28,39,10,34,17,49,16,39,20,23,16,6,8,9,15,4,2,2,"서울지선버스"
"214",202407,"6642","6642(가양9단지~강서공영차고지)","롯데몰.김포공항역(00071)",19,4,0,0,0,0,0,0,0,0,0,0,29,236,41,446,55,585,45,344,25,251,21,272,33,264,30,281,33,291,37,278,35,342,49,360,33,440,37,146,23,83,17,74,23,51,29,23,"서울지선버스"
"215",202407,"601","601번(개화동~종로4가)","롯데몰.김포공항역(00071)",10,11,4,3,0,0,0,0,0,0,0,0,3,193,13,458,13,242,7,189,7,279,13,360,17,397,20,331,20,401,22,488,30,558,17,665,30,794,8,308,13,272,11,211,5,117,4,44,"서울간선버스"
"216",202407,"6645","6645(가양9단지~강서공영차고지)","롯데몰.김포공항역(00065)",1,1,0,0,0,0,0,0,0,0,0,0,22,49,25,223,47,113,33,64,26,131,29,83,27,107,17,159,39,131,44,197,29,173,27,225,34,235,35,135,26,79,16,63,19,82,21,31,"서울지선버스"
"217",202407,"605","605번(강서공영차고지~후암동)","롯데몰.김포공항역(00010)",0,0,0,0,0,0,0,0,0,0,13,92,10,85,81,175,134,192,50,152,63,129,85,175,104,225,151,161,211,154,258,164,277,202,222,203,248,239,205,129,196,88,115,51,93,31,0,0,"서울간선버스"
"218",202407,"605","605번(강서공영차고지~후암동)","롯데몰.김포공항역(00092)",35,6,31,1,0,0,0,0,0,0,0,0,9,84,14,319,62,221,42,126,48,179,90,237,66,310,109,320,146,339,157,310,159,360,154,441,172,621,170,302,115,161,84,156,40,71,13,23,"서울간선버스"
"219",202407,"651","651번(방화동~관악구청)","롯데몰.김포공항역(00011)",0,0,0,0,0,0,0,0,7,51,16,323,134,172,492,276,496,134,308,108,252,202,276,224,462,238,412,218,620,238,694,220,817,247,889,235,971,266,1021,131,932,98,800,58,738,39,2,1,"서울간선버스"
"220",202407,"651","651번(방화동~관악구청)","롯데몰.김포공항역(00088)",104,24,16,1,0,0,0,0,0,0,0,0,9,722,44,1215,58,1108,41,1010,54,968,84,1133,114,973,195,1002,165,825,219,878,274,1099,236,1068,214,1127,241,618,191,411,213,398,143,251,83,117,"서울간선버스"
"221",202407,"6629","6629번(방화동~영등포)","롯데몰.김포공항역(00011)",0,0,0,0,0,0,0,0,3,32,8,188,8,125,42,222,52,205,30,152,37,170,59,241,119,223,153,246,190,188,243,170,265,206,219,220,247,267,248,139,180,79,154,53,162,62,1,0,"서울지선버스"
"222",202407,"6629","6629번(방화동~영등포)","롯데몰.김포공항역(00084)",62,4,10,0,0,0,0,0,0,0,0,0,2,19,52,261,81,116,58,107,60,188,88,263,114,264,167,345,225,334,246,335,298,308,285,323,276,394,241,213,230,116,138,77,87,65,58,37,"서울지선버스"
"223",202407,"6632","6632번(강서공영차고지~당산역)","롯데몰.김포공항역(00060)",5,1,0,0,0,0,0,0,0,0,0,0,6,551,15,665,6,652,2,295,6,245,9,362,12,340,7,290,13,303,14,308,15,464,17,439,14,601,19,222,2,95,4,97,4,43,6,20,"서울지선버스"
"224",202407,"서울02출근","서울02출근(김포시풍무동~김포공항역)","김포공항역3번출구(00006)",0,0,0,0,0,0,0,0,0,0,0,0,2,574,36,3363,19,2873,0,0,0,0,0,0,0,0,0,0,0,0,0,0,0,0,0,0,0,0,0,0,0,0,0,0,0,0,0,0,"서울간선버스"
"225",202407,"서울02퇴근","서울02퇴근(김포공항역~김포시풍무동)","김포공항역3번출구(00001)",0,0,0,0,0,0,0,0,0,0,0,0,19,3,53,1,0,0,0,0,0,0,0,0,0,0,0,0,0,0,0,0,0,0,0,0,844,0,15,0,0,0,0,0,0,0,0,0,"서울간선버스"
"226",202408,"601","601번(개화동~종로4가)","김포공항국제선(00004)",0,0,0,0,0,0,0,0,39,48,24,64,37,53,88,51,92,42,72,42,89,30,100,23,147,19,148,36,215,15,184,20,144,32,175,43,339,40,183,41,185,15,105,38,141,4,0,0,"서울간선버스"
"227",202408,"601","601번(개화동~종로4가)","김포공항국내선(00006)",0,0,0,0,0,0,0,0,20,54,11,47,57,45,269,39,521,29,831,19,756,23,687,17,550,27,722,29,633,11,521,20,418,20,614,32,713,19,578,18,489,5,736,8,572,5,89,1,"서울간선버스"
"228",202408,"601","601번(개화동~종로4가)","롯데몰.김포공항역(00071)",10,15,8,2,0,0,0,0,0,0,0,0,3,245,12,396,9,212,9,231,4,292,23,337,17,358,20,439,42,424,14,422,41,568,30,627,19,685,15,335,15,228,9,185,8,94,10,52,"서울간선버스"
"229",202408,"601","601번(개화동~종로4가)","김포공항국제선(00072)",1,8,0,0,0,0,0,0,0,0,0,0,4,225,20,436,7,189,3,106,8,99,20,115,13,160,11,163,15,124,47,79,22,130,13,107,18,89,20,45,20,65,9,54,10,25,6,6,"서울간선버스"
"230",202408,"601","601번(개화동~종로4가)","김포공항국내선(00074)",9,10,4,3,0,0,0,0,0,0,0,0,11,245,18,250,11,142,40,178,26,125,30,191,52,247,50,257,81,237,61,211,34,259,38,289,45,182,26,68,50,35,62,44,30,13,60,16,"서울간선버스"
"231",202408,"605","605번(강서공영차고지~후암동)","롯데몰.김포공항역(00010)",0,0,0,0,0,0,0,0,0,0,1,106,8,76,87,181,128,177,45,175,61,150,80,169,106,183,153,123,207,148,254,196,302,213,236,139,276,213,245,128,233,77,112,51,93,42,0,0,"서울간선버스"
"232",202408,"605","605번(강서공영차고지~후암동)","김포공항국제선(00011)",0,0,0,0,0,0,0,0,0,0,10,70,41,51,39,129,54,159,69,47,52,74,45,72,61,82,90,54,123,43,129,38,110,48,158,49,252,35,152,35,122,43,54,24,56,3,0,0,"서울간선버스"
"233",202408,"605","605번(강서공영차고지~후암동)","김포공항국내선(00013)",0,0,0,0,0,0,0,0,0,0,12,89,47,61,74,76,181,70,273,46,238,38,319,44,177,105,321,61,289,43,320,44,259,35,417,40,497,55,327,34,288,21,349,10,209,5,0,0,"서울간선버스"
"234",202408,"605","605번(강서공영차고지~후암동)","롯데몰.김포공항역(00092)",48,11,31,2,0,0,0,0,0,0,0,0,6,77,18,250,48,217,42,173,46,228,75,290,60,297,93,306,165,287,182,296,178,395,177,453,176,606,157,275,123,194,91,153,43,95,26,40,"서울간선버스"
"235",202408,"605","605번(강서공영차고지~후암동)","김포공항국제선(00093)",6,6,1,2,0,0,0,0,0,0,0,0,4,72,33,229,40,162,38,60,53,62,54,113,37,77,59,94,75,68,115,48,117,73,125,70,105,70,67,29,96,30,36,30,67,23,30,13,"서울간선버스"
"236",202408,"605","605번(강서공영차고지~후암동)","김포공항국내선(00095)",20,4,6,3,0,0,0,0,0,0,0,0,5,64,16,161,74,156,86,81,62,85,74,144,65,136,132,109,140,83,141,87,79,102,122,114,148,109,122,48,124,26,131,24,103,19,101,5,"서울간선버스"
"237",202408,"651","651번(방화동~관악구청)","롯데몰.김포공항역(00011)",0,0,0,0,0,0,0,0,8,60,19,318,132,182,424,217,478,155,280,94,262,181,335,268,432,204,458,216,581,211,778,222,846,254,864,278,1010,284,978,155,894,74,756,63,712,25,0,0,"서울간선버스"
"238",202408,"651","651번(방화동~관악구청)","김포공항국제선(00012)",0,0,0,0,0,0,0,0,38,113,68,379,101,102,136,144,206,64,111,29,150,63,97,67,140,77,168,69,225,52,283,42,187,52,231,47,357,43,306,29,275,14,179,19,256,18,9,0,"서울간선버스"
"239",202408,"651","651번(방화동~관악구청)","김포공항국내선(00014)",0,0,0,0,0,0,0,0,36,244,43,259,134,138,308,99,429,90,557,80,468,59,497,87,374,111,736,133,777,82,572,51,424,46,580,70,743,53,778,30,698,21,970,17,794,17,159,2,"서울간선버스"
"240",202408,"651","651번(방화동~관악구청)","롯데몰.김포공항역(00088)",108,16,19,4,0,0,0,0,0,0,0,0,13,624,48,1218,50,1057,33,1033,47,1115,93,1137,99,1016,140,906,189,849,228,891,240,942,270,924,195,1228,222,591,258,410,221,336,134,261,79,112,"서울간선버스"
"241",202408,"651","651번(방화동~관악구청)","김포공항국제선(00089)",16,5,0,0,0,0,0,0,0,0,0,0,39,279,25,302,19,330,41,249,43,180,33,166,32,154,77,230,119,113,102,91,61,127,89,139,104,127,91,76,99,39,85,49,60,26,77,15,"서울간선버스"
"242",202408,"651","651번(방화동~관악구청)","김포공항국내선(00091)",38,12,3,1,0,0,0,0,0,0,0,0,21,223,52,283,54,258,68,223,46,278,76,365,69,349,124,341,155,210,148,139,137,208,144,198,193,186,151,65,161,42,173,27,105,11,190,13,"서울간선버스"
"243",202408,"6629","6629번(방화동~영등포)","롯데몰.김포공항역(00011)",0,0,0,0,0,0,0,0,0,44,4,203,7,129,43,239,46,252,34,185,41,182,80,252,120,240,144,247,217,236,215,198,288,230,253,254,227,236,266,170,171,97,146,56,152,41,0,0,"서울지선버스"
"244",202408,"6629","6629번(방화동~영등포)","김포공항국제선(00012)",0,0,0,0,0,0,0,0,31,111,47,239,29,76,40,157,57,157,44,44,63,76,54,100,55,109,61,120,113,54,174,55,106,53,147,79,117,32,133,27,145,52,72,26,99,3,1,0,"서울지선버스"
"245",202408,"6629","6629번(방화동~영등포)","김포공항국내선(00014)",0,0,0,0,0,0,0,0,3,132,20,181,32,88,56,66,135,84,125,55,185,62,160,48,203,114,293,136,332,94,241,38,254,52,333,53,360,57,260,25,272,16,323,14,240,10,48,1,"서울지선버스"
"246",202408,"6629","6629번(방화동~영등포)","롯데몰.김포공항역(00084)",62,6,4,0,0,0,0,0,0,0,0,0,7,14,58,213,106,151,52,95,88,203,94,268,143,274,165,289,224,285,300,329,277,303,312,333,326,360,281,181,244,138,140,69,93,65,36,33,"서울지선버스"
"247",202408,"6629","6629번(방화동~영등포)","김포공항국제선(00085)",11,4,0,0,0,0,0,0,0,0,0,0,2,6,66,256,51,92,55,47,86,94,81,78,53,70,75,73,112,49,198,54,184,61,158,55,179,50,114,40,85,23,45,15,62,6,48,5,"서울지선버스"
"248",202408,"6629","6629번(방화동~영등포)","김포공항국내선(00087)",23,3,1,1,0,0,0,0,0,0,0,0,2,3,31,130,95,105,88,58,83,55,64,93,100,114,198,125,237,84,245,74,190,77,180,76,248,62,157,46,175,19,177,11,175,13,144,4,"서울지선버스"
"249",202408,"6632","6632번(강서공영차고지~당산역)","김포공항국제선(00004)",0,0,0,0,0,0,0,0,14,23,18,81,10,44,25,32,44,33,27,11,43,31,47,14,39,22,108,21,107,16,136,8,95,18,131,30,159,27,104,17,142,12,82,25,86,1,15,0,"서울지선버스"
"250",202408,"6632","6632번(강서공영차고지~당산역)","김포공항국내선(00006)",0,0,0,0,0,0,0,0,1,13,8,80,22,12,51,3,119,10,99,11,79,13,100,8,88,18,201,20,200,14,183,11,170,32,149,12,269,20,235,8,282,4,226,11,183,4,71,2,"서울지선버스"
"251",202408,"6632","6632번(강서공영차고지~당산역)","롯데몰.김포공항역(00060)",11,1,0,0,0,0,0,0,0,0,0,0,1,465,15,558,12,536,7,342,6,310,10,331,13,314,16,337,10,359,19,353,9,431,16,480,13,474,9,220,9,114,2,79,11,65,7,14,"서울지선버스"
"252",202408,"6632","6632번(강서공영차고지~당산역)","김포공항국제선(00061)",0,1,0,0,0,0,0,0,0,0,0,0,4,73,6,137,1,112,10,23,2,45,10,55,9,51,11,50,17,35,30,34,6,38,9,56,10,30,17,17,23,9,4,7,11,3,8,2,"서울지선버스"
"253",202408,"6632","6632번(강서공영차고지~당산역)","김포공항국내선(00063)",3,2,0,0,0,0,0,0,0,0,0,0,4,112,14,96,10,63,18,49,21,33,29,59,19,97,38,50,37,54,38,43,16,39,31,54,32,26,27,21,37,11,30,4,18,1,30,1,"서울지선버스"
"254",202408,"6645","6645(가양9단지~강서공영차고지)","롯데몰.김포공항역(00065)",7,2,0,0,0,0,0,0,0,0,0,0,25,31,41,180,45,103,38,66,25,112,30,97,27,125,37,180,48,125,30,188,47,197,42,180,33,224,33,122,26,93,21,55,19,51,21,23,"서울지선버스"
"255",202408,"6642","6642(가양9단지~강서공영차고지)","롯데몰.김포공항역(00071)",18,5,0,0,0,0,0,0,0,0,0,0,20,210,53,386,51,497,41,321,24,263,23,294,38,292,32,255,38,290,35,281,30,260,51,330,28,363,49,160,38,92,16,81,34,41,14,15,"서울지선버스"
"256",202408,"서울02퇴근","서울02퇴근(김포공항역~김포시풍무동)","김포공항역3번출구(00001)",0,0,0,0,0,0,0,0,0,0,0,0,0,0,0,0,0,0,0,0,0,0,0,0,0,0,0,0,0,0,0,0,0,0,0,0,857,0,3,0,0,0,0,0,0,0,0,0,"서울간선버스"
"257",202408,"서울02출근","서울02출근(김포시풍무동~김포공항역)","김포공항역3번출구(00006)",0,0,0,0,0,0,0,0,0,0,0,0,1,425,7,3009,7,2602,0,0,0,0,0,0,0,0,0,0,0,0,0,0,0,0,0,0,0,0,0,0,0,0,0,0,0,0,0,0,"서울간선버스"
"258",202409,"601","601번(개화동~종로4가)","김포공항국제선(00004)",0,0,0,0,0,0,0,0,17,45,45,86,47,29,80,61,56,66,85,24,106,17,98,25,122,29,139,34,161,15,177,22,121,25,136,45,251,33,139,28,161,17,131,37,142,2,0,0,"서울간선버스"
"259",202409,"601","601번(개화동~종로4가)","김포공항국내선(00006)",0,0,0,0,0,0,0,0,14,35,11,56,47,31,214,20,597,38,795,29,819,18,695,26,587,34,664,26,643,22,479,17,342,23,564,26,643,17,483,20,438,12,672,5,534,8,89,1,"서울간선버스"
"260",202409,"601","601번(개화동~종로4가)","롯데몰.김포공항역(00071)",12,10,4,1,0,0,0,0,0,0,0,0,3,218,12,395,13,205,5,197,13,319,14,262,16,291,26,322,19,362,33,414,27,484,15,552,27,635,6,287,11,234,10,172,5,88,3,32,"서울간선버스"
"261",202409,"601","601번(개화동~종로4가)","김포공항국제선(00072)",0,10,0,1,0,0,0,0,0,0,0,0,6,227,13,334,8,173,6,99,9,126,19,113,11,121,11,165,12,87,42,82,26,142,16,96,21,107,16,32,23,31,7,47,10,34,7,8,"서울간선버스"
"262",202409,"601","601번(개화동~종로4가)","김포공항국내선(00074)",11,5,6,0,0,0,0,0,0,0,0,0,6,233,15,202,22,180,31,123,39,148,48,171,37,246,49,260,74,209,65,231,46,298,43,249,40,210,24,86,47,42,49,34,30,17,42,13,"서울간선버스"
"263",202409,"605","605번(강서공영차고지~후암동)","롯데몰.김포공항역(00010)",0,0,0,0,0,0,0,0,0,0,4,72,8,80,84,184,125,196,30,132,56,152,65,172,99,168,162,168,135,134,193,146,239,168,222,183,208,175,223,112,149,79,107,42,70,30,0,0,"서울간선버스"
"264",202409,"605","605번(강서공영차고지~후암동)","김포공항국제선(00011)",0,0,0,0,0,0,0,0,0,0,9,75,45,37,45,90,54,144,56,45,64,53,72,70,63,63,81,54,123,36,144,33,104,41,123,37,160,26,121,28,104,42,52,13,72,10,1,0,"서울간선버스"
"265",202409,"605","605번(강서공영차고지~후암동)","김포공항국내선(00013)",0,0,0,0,0,0,0,0,0,0,5,83,48,50,62,58,209,67,247,51,281,33,243,44,231,98,290,80,292,64,273,37,292,48,372,50,417,46,320,18,283,21,308,10,194,7,5,0,"서울간선버스"
"266",202409,"605","605번(강서공영차고지~후암동)","롯데몰.김포공항역(00092)",38,16,36,1,0,0,0,0,0,0,0,0,8,94,16,253,55,175,33,156,46,139,71,276,82,245,126,286,125,323,131,255,138,340,171,413,146,554,154,267,127,168,84,122,60,59,38,35,"서울간선버스"
"267",202409,"605","605번(강서공영차고지~후암동)","김포공항국제선(00093)",10,9,1,1,0,0,0,0,0,0,0,0,6,68,32,207,36,114,42,57,30,48,46,107,37,76,60,101,76,69,98,62,84,73,97,69,95,54,66,28,83,13,38,23,50,16,27,13,"서울간선버스"
"268",202409,"605","605번(강서공영차고지~후암동)","김포공항국내선(00095)",33,3,2,4,0,0,0,0,0,0,0,0,4,55,20,160,78,125,89,74,66,47,50,114,72,133,122,140,134,104,119,62,106,86,132,126,92,103,138,67,134,17,132,28,130,18,92,4,"서울간선버스"
"269",202409,"651","651번(방화동~관악구청)","롯데몰.김포공항역(00011)",0,0,0,0,0,0,0,0,8,61,15,279,159,163,403,190,491,142,321,136,287,173,292,210,416,217,459,236,579,215,727,218,848,237,874,245,982,253,955,146,848,79,616,49,683,28,0,0,"서울간선버스"
"270",202409,"651","651번(방화동~관악구청)","김포공항국제선(00012)",0,0,0,0,0,0,0,0,74,105,41,327,108,94,143,153,147,90,104,31,113,56,91,71,128,74,151,57,213,43,276,32,241,48,194,38,324,21,300,22,264,22,146,16,250,10,8,0,"서울간선버스"
"271",202409,"651","651번(방화동~관악구청)","김포공항국내선(00014)",0,0,0,0,0,0,0,0,33,226,22,251,109,144,286,110,386,95,473,91,553,49,496,47,457,122,674,112,683,73,581,51,500,52,598,64,703,58,802,25,666,22,1082,24,782,29,196,1,"서울간선버스"
"272",202409,"651","651번(방화동~관악구청)","롯데몰.김포공항역(00088)",99,16,38,0,0,0,0,0,0,0,0,0,11,570,42,1086,47,1014,40,947,40,955,93,1041,142,907,152,899,186,818,240,798,193,1037,264,892,210,1015,197,565,283,394,204,304,169,249,57,92,"서울간선버스"
"273",202409,"651","651번(방화동~관악구청)","김포공항국제선(00089)",16,4,2,1,0,0,0,0,0,0,0,0,31,296,14,265,27,258,53,208,45,153,35,152,44,142,60,226,130,90,98,86,81,107,69,125,93,103,58,82,84,37,78,32,63,27,94,15,"서울간선버스"
"274",202409,"651","651번(방화동~관악구청)","김포공항국내선(00091)",42,11,7,1,0,0,0,0,0,0,0,0,16,193,43,279,51,243,82,271,55,242,66,311,83,350,118,318,182,242,135,156,128,174,121,206,157,166,162,70,151,37,161,44,132,19,179,11,"서울간선버스"
"275",202409,"6629","6629번(방화동~영등포)","롯데몰.김포공항역(00011)",1,0,0,0,0,0,0,0,2,32,4,196,8,133,42,242,69,149,37,147,36,148,81,186,106,232,123,191,181,206,190,186,256,196,252,214,200,222,207,133,184,68,118,58,117,53,2,0,"서울지선버스"
"276",202409,"6629","6629번(방화동~영등포)","김포공항국제선(00012)",0,0,0,0,0,0,0,0,29,100,25,218,32,61,51,135,36,132,41,43,47,63,34,90,50,94,78,84,124,46,136,57,65,34,85,60,107,36,105,32,110,43,74,14,80,4,0,0,"서울지선버스"
"277",202409,"6629","6629번(방화동~영등포)","김포공항국내선(00014)",0,0,0,0,0,0,0,0,3,117,20,179,23,82,47,82,139,70,150,49,135,24,122,49,173,83,263,79,250,60,245,37,249,33,278,35,321,35,251,20,285,12,351,6,271,10,30,0,"서울지선버스"
"278",202409,"6629","6629번(방화동~영등포)","롯데몰.김포공항역(00084)",55,7,3,0,0,0,0,0,0,0,0,0,6,9,46,174,85,139,48,87,71,162,129,243,127,274,161,262,192,277,236,284,289,307,284,275,291,295,244,147,208,107,145,64,101,62,53,55,"서울지선버스"
"279",202409,"6629","6629번(방화동~영등포)","김포공항국제선(00085)",10,4,0,0,0,0,0,0,0,0,0,0,1,8,63,220,51,104,60,50,98,78,47,66,26,52,69,73,96,58,144,41,123,45,141,51,144,50,89,40,94,26,57,11,50,7,37,11,"서울지선버스"
"280",202409,"6629","6629번(방화동~영등포)","김포공항국내선(00087)",28,3,0,0,0,0,0,0,0,0,0,0,2,8,26,117,63,91,84,65,80,59,74,84,93,88,187,101,190,69,204,72,156,53,175,79,210,64,170,36,174,19,151,18,136,9,120,6,"서울지선버스"
"281",202409,"6632","6632번(강서공영차고지~당산역)","김포공항국제선(00004)",0,0,0,0,0,0,0,0,8,16,22,84,10,45,26,20,37,29,34,5,24,26,29,10,52,20,91,22,72,15,120,19,70,18,96,34,137,22,94,13,89,17,91,22,86,6,18,0,"서울지선버스"
"282",202409,"6632","6632번(강서공영차고지~당산역)","김포공항국내선(00006)",0,0,0,0,0,0,0,0,0,13,4,60,16,17,44,20,99,12,87,12,60,8,71,6,102,9,193,14,184,6,152,10,128,10,159,17,201,11,196,10,216,3,202,5,194,1,59,2,"서울지선버스"
"283",202409,"6632","6632번(강서공영차고지~당산역)","롯데몰.김포공항역(00060)",1,0,0,0,0,0,0,0,0,0,0,0,0,387,12,478,14,541,4,285,3,299,11,279,19,289,15,265,11,278,19,260,20,394,16,414,15,384,8,174,2,104,6,58,3,48,3,17,"서울지선버스"
"284",202409,"6632","6632번(강서공영차고지~당산역)","김포공항국제선(00061)",1,0,0,0,0,0,0,0,0,0,0,0,6,79,5,95,4,95,3,24,7,30,16,39,5,64,7,31,15,26,33,35,10,20,9,34,7,33,12,7,17,8,5,5,10,4,6,2,"서울지선버스"
"285",202409,"6632","6632번(강서공영차고지~당산역)","김포공항국내선(00063)",6,0,0,0,0,0,0,0,0,0,0,0,7,85,19,79,6,50,18,31,28,41,17,34,21,60,35,58,42,58,24,42,19,40,17,33,38,30,25,16,30,14,28,4,30,6,23,2,"서울지선버스"
"286",202409,"6645","6645(가양9단지~강서공영차고지)","롯데몰.김포공항역(00065)",8,1,0,0,0,0,0,0,0,0,0,0,22,47,31,170,69,123,55,69,17,87,17,72,39,106,29,155,23,106,37,171,31,177,33,115,38,202,21,131,26,82,11,63,31,48,20,12,"서울지선버스"
"287",202409,"6642","6642(가양9단지~강서공영차고지)","롯데몰.김포공항역(00071)",9,0,0,0,0,0,0,0,0,0,0,0,25,155,58,499,77,463,52,321,26,249,20,240,19,245,28,229,25,213,38,238,28,270,59,331,24,330,21,139,22,49,25,66,18,35,24,5,"서울지선버스"
"288",202409,"서울02퇴근","서울02퇴근(김포공항역~김포시풍무동)","김포공항역3번출구(00001)",0,0,0,0,0,0,0,0,0,0,0,0,0,0,36,36,31,20,0,0,0,0,0,0,0,0,0,0,0,0,0,0,0,0,0,0,760,1,0,0,0,0,0,0,0,0,0,0,"서울간선버스"
"289",202409,"서울02출근","서울02출근(김포시풍무동~김포공항역)","김포공항역3번출구(00006)",0,0,0,0,0,0,0,0,0,0,0,0,0,252,9,2979,5,2433,0,0,0,0,0,0,0,0,0,0,0,0,0,0,0,0,0,0,0,0,0,0,0,0,0,0,0,0,0,0,"서울간선버스"
